cars_passed,lanes_crossed,max_speed,avg_speed,closest_same_lane,closest_any,crashed
2,8,29.892095766846726,21.073759615421697,4.442785569980369,4.442785569980369,0
2,3,29.960047462490476,22.661780663625073,14.01748122688659,1.9999968809179007,0
4,11,29.97995933473624,22.78654593178658,7.758283934785251,6.000000000000082,0
0,16,25.0,20.11349471475945,4.7435469663299585,4.7435469663299585,0
4,4,29.999957263119796,23.046679798174072,26.013774000476413,5.024356608737123,0
1,2,28.741927883816647,22.365150343894815,9.876985230030153,1.9995934394993924,0
0,44,29.892055953801744,21.86576636767767,12.504070426149308,8.5556720760824,0
0,36,26.1422235619243,21.651024679007932,19.565106164801595,12.497063460221282,0
3,13,29.84397228672859,23.722609447314763,9.773291023411401,2.984529269129495,0
6,5,29.994763303036844,24.33742992448083,3.493223183392446,2.0,0
2,33,28.732080334572593,22.417275957187254,3.440293373857145,3.440293373857145,0
1,5,29.664615659915054,23.220715183321545,2.0490086224289144,2.0490086224289144,1
2,10,27.58765422862807,22.223277306083446,6.128856416321605,2.1937950053150534,0
2,15,29.98637602246668,23.109356123328435,6.688985749978855,6.688985749978855,0
0,28,29.591066292043415,21.80223377351532,3.835908561116557,3.835908561116557,0
5,9,29.989331874393905,24.225517490791514,1.337731600570083,1.337731600570083,0
0,33,25.0,22.10024604680801,12.842353693826277,10.832816462357496,0
3,16,29.945860746683003,23.46557401036816,8.347398449217103,5.999999999999999,0
3,0,28.819468408274954,22.830800249445364,38.30484629489149,10.0,0
1,34,29.83135646530824,22.980136075798082,3.8033637352143534,3.8033637352143534,0
0,36,25.0,21.975787676818776,8.848701095099853,8.562076200387157,0
5,9,29.99659650087688,24.607723554490793,4.891239061274339,1.9999829014164296,0
4,0,29.999999771976153,23.92144173462696,17.186716829927718,2.0000706682803315,0
1,8,29.501191860779212,21.994266352848076,8.833624592564133,1.9995596719745659,0
1,38,28.223678167529275,23.0157421333728,12.3175326570807,9.983958595880722,0
1,24,29.784814801778126,23.14376005997114,3.6406223515417167,3.6406223515417167,0
0,18,25.0,20.67640439757915,12.170721080508507,11.312130624775662,0
4,13,29.997572783544094,23.987583781241888,8.978087891653075,1.9999899934755918,0
2,2,29.841215233230315,22.36514946668245,8.126284168484975,2.033880044647657,0
1,5,28.517733596603254,21.766841079091822,10.102611541710639,5.16886051132414,0
2,18,29.980864245917036,22.774403221608537,18.35866836764144,8.988705940598482,0
6,35,29.990352683899943,25.042517302219622,18.529851257038853,14.380176178597903,0
3,3,29.996572010740454,22.65758096853762,26.80748403255882,5.9999999999987805,0
1,14,29.7758055009339,21.353051810232657,27.824641962122662,10.526239085439395,0
1,22,25.0,20.510845708136923,3.5811577772525265,3.462543994141365,0
5,31,29.684189376302214,23.552072853862516,6.147494744330989,5.9999100025306165,0
5,10,29.99915486704485,24.37580203108174,6.2292073834653845,1.999990042066611,0
1,1,25.425603159201884,21.371772860454623,7.497156118645989,2.000103319280937,0
2,13,29.999046298805705,23.417994771023622,13.387768104638953,5.999974191014137,0
1,8,28.517198890692512,21.982181567894585,11.677394605762862,9.292325259710818,0
3,27,29.99495747956838,24.186313599717174,9.54888251500461,6.0000000352675755,0
6,8,29.999999146737764,25.30123978565903,10.530507456017176,1.9999999994780095,0
5,8,29.999886585030364,23.358527825433022,2.0628824421570564,2.0002708044733053,0
2,8,29.98637730198631,21.822472513280808,4.972841658309379,4.430032196229806,0
0,51,25.0,21.667978631661747,14.286416738535255,11.165732155110106,0
3,23,29.999470162762304,24.340300122047278,11.011435639862448,2.0000003249098057,0
1,9,25.0,21.234783342161524,6.124121036859928,2.0000006297980413,0
6,11,29.945328928316854,24.93730833960814,3.9142501342282143,1.9999999777825934,0
3,13,29.999896238070292,23.389905057345764,14.894235118526751,5.560053338444806,0
2,5,25.0,21.23932252932898,15.664335535252228,2.000000000000014,0
0,20,29.972853859253195,22.464402034414604,11.543875901420455,5.948944522478727,0
1,20,29.915743970735605,22.098499112878994,7.44713310318772,5.992017455921431,0
1,37,29.14479998177346,22.54967611030879,7.157711948864256,7.157711948864256,0
1,19,27.491940873719926,21.691919940918304,9.444250142218289,9.388469122397199,0
1,15,29.97995933473624,22.26577322331779,5.97348019050208,2.049459275263483,0
5,6,29.999986961946927,26.00753081564385,6.555972639944669,2.0000000001645013,0
2,2,29.996315614767692,22.10024968151178,14.29693505086467,2.0007838703041543,0
2,2,29.9899473653177,22.034024516083946,17.162503808694133,2.000150095004135,0
3,0,29.999959707702658,22.685103457686754,30.56219526750982,2.0,0
1,25,27.48694115784197,21.93467169894487,6.466844015052571,6.466844015052571,0
1,27,29.945853787832608,21.894776529766173,4.1969626970375336,4.1969626970375336,0
1,9,28.718438339587774,22.33567903442317,2.7033698180297416,2.7033698180297416,0
6,0,29.999919674347154,23.920552174365813,104.71373868088358,7.097825072063002,0
0,10,25.0,20.808858842912677,12.039058221553457,10.686698264635796,0
4,21,29.99517256778075,24.58493991892809,10.011092494844423,6.000000000065906,0
0,40,25.0,21.848464480745456,5.438324046221363,5.438324046221363,0
3,11,29.784805601741876,22.77215303121713,32.43255728014285,6.202897782462041,0
4,1,29.987632563707958,22.86183908562034,12.879385591133596,0.14827042114217148,0
4,6,29.982547508428855,23.781604199431996,6.8823024560413675,1.999053840323243,0
0,4,25.0,20.80885034193365,20.55381185619749,7.391527995691249,0
4,13,29.666508804330682,23.768993959838415,4.051660744644143,2.0,0
0,15,29.68345091009639,21.833995610421812,19.647710900189516,13.043683789039623,0
2,14,29.83277034716312,22.769988442432307,14.628350624980719,14.628350624980719,0
2,11,29.08068326836238,22.293786369429668,6.845815815182748,1.999853172631426,0
0,43,25.0,21.466026760315565,9.697661062523748,9.599076863997267,0
1,5,25.0,21.28512711849696,13.283648958145648,8.46443299342463,0
0,24,28.16941883227544,21.43911329659167,5.547550774094497,4.400723624849198,0
0,25,29.923549069154397,22.13288094276047,3.9448569062041177,3.9448569062041177,0
2,20,29.94585375077221,22.569724099302345,4.265531208954812,3.444506148067304,0
2,16,29.94013559024471,22.925846093721777,20.711110311241324,1.9999667867194173,0
8,15,29.999999174374384,26.806812498540072,14.359554792835999,1.9999999999999973,0
1,16,29.553051806640177,21.799270468950244,13.800517605154136,3.483775257404626,0
2,3,25.0,24.898699669482543,0.1518742253114045,0.1518742253114045,1
5,6,29.999958687083883,24.640850567490002,12.721146726245387,1.9993145554894132,0
3,10,29.99495747956838,24.461043067026576,6.779233507993241,6.200572454111954,0
0,47,25.0,22.44573482521839,17.115376591570257,16.214533650191598,0
2,11,29.957755425237668,22.330810462162088,1.2333965199447867,1.2333965199447867,0
1,0,29.108975963372252,21.16984756002436,11.782214061009427,10.59397609323068,0
0,21,25.0,22.66678226039495,0.8386361384119514,0.8386361384119514,1
3,6,25.0,21.7219117190669,23.16306283774293,1.9980500712339433,0
0,4,27.388406294464264,21.98137341899071,30.18958877586992,8.04633459695154,0
4,47,29.99288026483706,24.78728199679449,1.9476766191356485,1.9476766191356485,0
0,28,28.792426873468667,20.64329477669952,4.235181302191188,3.64004487468986,0
4,18,29.915724707526948,23.576715505658804,12.648716075114004,5.9999999999999805,0
0,2,25.0,20.67161364037052,27.118495689616296,6.045544660587714,0
3,18,29.99968075894931,23.159214015986368,6.55757898633602,1.9999805059374252,0
2,21,29.998657829819752,23.329095411610464,6.480983515199862,1.9978629610482836,0
1,8,29.847588850601568,21.25722360073332,8.066017736858027,5.736562004951717,0
0,36,25.0,22.13332192583111,11.581550643892976,10.642725338291722,0
0,18,26.458772016460905,21.546995230019412,7.657588356811452,6.1109714910125055,0
1,23,29.83719744613111,22.232688896432087,9.030770366579778,9.030770366579778,0
2,30,29.958530020746142,22.675245579260853,5.8880714524131355,5.8880714524131355,0
1,17,26.41972657437614,22.199394514059364,9.846289658805606,9.846289658805606,0
2,14,29.37970187321674,21.35343110480322,4.777954373948337,2.0000000000000036,0
3,12,29.529749886924886,23.18253472789051,4.810351624200366,4.810351624200366,0
3,14,29.97995933473624,23.689052023816693,8.938507003230773,2.0000000000000098,0
5,1,29.99999491459754,24.548135604065983,13.19421841823555,1.999296711246858,0
8,5,29.999994904373317,23.457865575242494,6.901131104908208,6.901131104908208,0
0,93,25.0,21.13987036211032,7.4566710056391985,7.4566710056391985,0
2,17,29.55185916480376,22.650681238903477,7.160601883621544,7.160601883621544,0
4,22,29.913409738669532,22.753600862987554,3.16647819810418,3.16647819810418,0
2,30,29.9899473653177,22.926783831890408,15.104784138363955,9.974213574493506,0
8,13,29.999999037564653,25.708159678832025,6.061962965049059,1.99973574829701,0
7,12,29.999999979617034,25.669458810536646,1.3986748630709758,1.3986748630709758,0
0,1,25.0,21.406661460057006,29.926497422962328,11.815851508687265,0
7,29,29.999999918991254,25.297605547051756,4.889073824921532,4.889073824921532,0
1,35,27.417265024651766,21.206209931982066,7.267197129847716,7.094050329240705,0
3,21,29.9899473653177,25.35826286239391,15.142659759541077,10.000395226080332,0
3,28,29.88526527528586,23.817020099398814,7.59700565068824,5.993324206221677,0
3,1,29.892055474549384,22.508880531059166,18.436141970790533,5.999999999999966,0
1,8,27.343519323076592,21.70289815100685,11.295621657417763,11.2923014868229,0
0,51,25.0,22.398248480422353,15.769154286997022,15.769154286997022,0
2,3,29.144741650431474,21.953234915596948,78.2249494113803,10.938182972979524,0
2,39,29.7758055009339,23.391000690412568,7.924198398322229,2.0000034737202377,0
2,18,29.94585374956232,21.794067619732047,18.80553194427301,2.0,0
4,0,29.99878066331343,23.954554317407847,49.50753635449314,2.1011254890251507,0
2,22,29.930526995179992,24.20871548312936,4.901075705682926,3.20165860086325,0
1,10,26.458772016460905,22.388384262895695,4.302941583441762,4.302941583441762,0
3,15,29.989331874393905,23.19296312757947,13.440279362300698,10.855803620496847,0
3,6,29.995020730168136,23.74997504735949,4.515893828950531,3.3992188220640487,0
7,3,29.99039440097749,25.64025182889079,15.158045901517736,1.9999995964025037,0
6,8,29.982448183450888,23.120260858382974,7.4541656575745,5.999463187208979,0
4,18,29.92035168331781,23.454685962189487,4.924429682733395,4.663692763855367,0
2,9,28.118866441680776,21.173087849979897,16.00235582311298,1.9999930620780186,0
2,14,29.7758055009339,22.52353050160137,4.278574389669048,4.278574389669048,0
1,40,29.553051806640177,21.9608277065415,10.330951371751825,9.995342773907264,0
1,1,29.95782931935411,22.093112912077913,40.74485600046221,9.985770498683236,0
1,31,29.394268996929547,22.663149142864615,5.6568863952258,5.6568863952258,0
4,5,29.841215233230315,21.173097363766068,12.370849203544486,1.964476159707739,0
0,1,25.0,20.41150795979256,64.40119238068421,18.68992086042492,0
1,27,29.394599255848092,21.854759537675694,5.1348356596369005,5.1348356596369005,0
0,7,26.01183935597083,21.271383554796614,28.96885787014453,14.018315636240375,0
0,23,28.29531496370399,22.366413438661993,7.002753077902781,7.002753077902781,0
3,17,29.993166136640685,23.31844298634642,10.110359705307983,1.9999999999993503,0
0,33,25.527870374164827,21.8680118323539,3.4907802937326453,3.4907802937326453,0
1,38,25.0,21.477177655733207,9.190543054542617,8.158818916027734,0
3,2,29.94261274534827,22.022572510309356,5.6406960843332445,5.6406960843332445,0
1,3,27.491438897671216,20.88105357886098,131.13248838479535,16.480313490825093,0
1,28,29.841215233230315,22.538391109810572,7.848455558842443,1.9999864943954901,0
1,22,29.480555085463457,22.03386355315081,27.49701231044707,5.738867003801655,0
2,0,29.7758055009339,22.242383369386882,66.34025463866482,6.814174668754938,0
1,5,27.565876329530873,21.537335773703543,8.193244159700154,1.9999999999999845,0
3,1,29.871273273380446,22.497600664482107,57.74713306409217,5.999999801830946,0
0,21,25.0,21.68906390192918,16.98180442265534,6.945754695169577,0
6,29,29.99999906487763,24.120112101656137,2.7606575350981375,2.7606575350981375,0
4,20,29.97658160305998,23.82210329846533,2.054869696600632,2.054869696600632,0
1,4,25.0,21.00753444985878,19.19967466553439,19.19967466553439,0
2,35,29.89367664610557,23.278152938771186,2.524828928332233,2.524828928332233,0
1,47,29.83116260877236,22.847739504592415,6.28246728989788,5.835653346984767,0
4,10,29.99977389893156,23.5286379962727,2.3775926367814493,2.3775926367814493,0
4,17,29.943589430424648,23.88093526363916,7.013155944213156,1.9999767900400198,0
1,31,29.066580772522116,22.516717873113492,8.886424857587766,6.515171668103011,0
1,32,29.999969949195084,24.315333161469542,13.12112271870521,10.543238301293382,0
1,43,27.33838037168631,22.23268556739608,4.793326662094951,4.793326662094951,0
2,4,29.99495747956838,22.17708222114033,17.74965538347493,10.237302630311259,0
0,57,28.792426910459763,20.99698134287405,6.420427109829581,6.420427109829581,0
1,31,26.52445857824418,21.392008937114728,5.920365916371888,5.751989097006113,0
1,32,29.847589756844737,22.030421561070856,8.931711351208017,5.583082684557229,0
4,4,29.980763766640226,22.370827185261717,4.308013390944891,4.090305862591345,0
5,8,29.993171919236943,23.985099782003314,2.017609645866458,2.017609645866458,0
0,36,27.59269460204475,21.437997761000172,8.081504056794754,8.008230228898709,0
2,2,29.80654937431412,22.92595325101293,11.116844387616466,5.999419601145085,0
7,6,29.99732541213503,25.77463776317556,12.329556614236795,2.000000000000017,0
2,30,29.98579910930601,23.198399649418548,2.360725472573212,2.360725472573212,1
0,32,25.0,21.173083242388913,13.285400342822985,13.285400342822985,0
3,0,29.999101398618045,29.161678689108882,1.0316845657180806,1.0316845657180806,1
1,22,29.3942670398708,22.07520075752554,16.5660899680704,11.485753276846799,0
2,10,29.949526943005072,22.497539820107626,4.795059180338017,4.795059180338017,0
0,1,25.0,20.74261957143283,20.47963617824704,14.258803795108738,0
2,0,29.39442717495663,21.656095508954728,30.55992773081718,10.000000000000012,0
1,7,29.055369288895463,21.007534449858777,5.519102826048875,5.519102826048875,0
0,25,25.0,21.073759615416474,7.290675489291404,7.290675489291404,0
4,22,29.94585735127622,24.139077947230604,5.350781695560405,5.350781695560405,0
2,4,29.892058025447398,22.036351928638865,4.7204749714170475,4.7204749714170475,0
6,6,29.97170379123158,24.61627622489038,4.806141737616635,1.9998769940746528,0
0,18,25.0,21.206209341482236,12.617794847898503,6.996630578598404,0
1,23,25.0,20.80885895317004,1.732870232424677,1.732870232424677,0
5,4,29.98576416724657,24.279303641542228,41.29695043031657,1.9999999999979434,0
1,16,29.95012362082618,21.99519565439727,15.787831189087662,9.479762071843076,0
2,16,29.290396733467002,21.53733577436209,2.3072080856319452,2.0000564892384443,0
4,21,29.763358344374797,22.49727940733687,10.718232886956573,9.997255962880232,0
1,14,25.785297356355162,21.79433079087988,18.35224348496755,9.999999682983015,0
2,4,25.0,22.36793178604651,24.708893595488124,8.464183255907724,0
3,6,29.998416078153113,24.145706558588525,31.472060248141492,7.382686747370495,0
4,12,29.883981263196887,21.967799350410044,10.342870587230793,8.074966212664236,0
0,40,26.600962686434933,21.992679452484122,10.026033820095059,10.026033820095059,0
0,33,25.0,20.709521089624488,17.104586610804947,6.492725931926246,0
2,41,29.997470612122406,22.795603689452186,6.955976816127066,6.1833970838993,0
2,11,29.762017665627507,21.901347347094237,9.594703794476278,4.073083996163973,0
7,1,29.999327460449084,26.39742535539398,19.559875604442745,1.9999792109149013,0
3,35,29.987002008237496,23.90728477551998,8.129531733325688,6.000000000144391,0
3,21,29.999815623069964,23.585241374966078,10.188906716053895,1.9989249197425112,0
2,3,29.9899473653177,22.992475698067846,5.484851522795568,4.942619297809898,0
5,13,29.917014508581374,24.349432538817574,5.407418715124205,1.9999992685993946,0
4,12,29.89214095341888,23.461183039649665,3.145122606591814,3.103757330801265,0
0,39,25.0,21.707456187047303,8.664203340369863,8.664203340369863,0
2,5,29.95745110915803,22.09897923535532,9.146804719735217,2.000000000000001,0
5,2,29.99999018365551,24.947931800838052,18.26226473907342,1.9999999999999973,0
5,6,29.99641880925432,24.615744695535643,29.279609657290756,1.9999999999016662,0
3,37,29.995160528080664,23.005984977111034,4.900070699322581,4.900070699322581,0
3,16,29.882770543335955,23.3867130350309,8.205245705051826,2.015870032734969,0
3,4,29.696157184919485,22.18363934772972,16.99269602351592,9.752208279355408,0
2,3,29.97170379123158,21.736011271050835,11.628564801738804,2.1020567872519598,0
1,2,27.272812752212587,20.974421867077325,9.354106628226212,1.9999999999999893,0
4,7,29.998731229129938,23.656541072134857,4.969508503606071,1.9917848489608998,0
0,33,28.29499926174351,21.717449834035996,10.128866024105506,9.970168727965033,0
3,4,29.999101398618045,22.5307132578058,1.8167217325642004,1.8167217325642004,0
2,8,29.99820857217333,22.133362264428317,9.506097642916684,5.99915179234598,0
0,33,25.0,21.5704151964862,5.542158675075058,5.542158675075058,0
2,43,29.66398331951696,22.424193814509046,4.4388103912074275,4.208564175657482,0
6,7,29.99996132995431,25.482098146502132,0.14636638241019653,0.14636638241019653,0
3,12,29.960047462490476,23.22607685877877,5.8238667154339145,2.0140437036805423,0
4,3,29.985806287071846,22.64910672894154,31.78482979797036,15.500406046680832,0
1,11,29.404732968642424,21.97079427041446,4.906617001997864,2.0088811423779838,0
7,4,29.999999096149573,26.177896028248064,15.504011616262257,1.9999999998871307,0
2,13,29.36893614949757,23.24085823170242,1.7198718535567723,1.6262378997856608,1
0,44,25.0,21.570441110750508,9.024314368224749,9.024314368224749,0
3,1,29.890989274864143,23.02740199873977,26.52991684552387,1.999999999974492,0
3,32,29.841215231409954,23.803300379843765,0.3003395151645081,0.3003395151645081,1
2,16,29.983525452426612,22.035353654372706,13.397925274718723,1.9999999429231452,0
2,2,25.200813315247192,20.345282794229643,53.50769925138272,6.50212724512257,0
2,47,29.99913750908423,23.452774023586315,4.205466702049946,3.5366316675457234,0
8,5,29.999773912909262,26.199009462466023,11.230292195680331,2.0000000003268994,0
2,9,29.762759547752296,21.23932204915536,1.0202803885509724,1.0202803885509724,0
1,38,29.96165119900471,22.232689159319893,9.581075771618186,8.263564379327867,0
3,4,29.91619182303818,21.338660277673352,9.99396043354348,9.596857107717488,0
1,24,29.99657203437511,21.80223639725761,14.133571384455017,4.74601061868937,0
0,34,25.0,21.91499977972089,14.034046986210488,13.291362449991668,0
3,4,29.841215233230315,22.96117555954368,6.612717419115197,1.9999966865060794,0
2,7,29.97995933473624,24.379268608256456,8.841719871781628,3.0580047170886475,1
2,38,29.960047462490476,22.616348941651257,8.852648909112483,8.852648909112483,0
4,2,29.816134167019364,23.755878820680717,15.370274134255144,1.9999999999129425,0
1,52,29.36893614949757,21.874529939523075,7.832822495131985,6.659428831574004,0
0,34,29.394267667277077,22.137957285748623,9.896548867812196,9.524478291327274,0
2,6,28.664900120104335,22.133361203336147,7.523198716310599,2.145550588697102,0
4,42,29.999998720439393,24.229391987078234,12.059598774952217,1.999319525062555,0
0,47,25.0,22.23269743837276,17.101860393616455,15.97373237505302,0
2,12,29.979708810434257,23.157259166678244,5.8602542689582355,5.8602542689582355,0
3,22,29.986506574551427,23.02721166704998,10.393107132209254,5.999992610836002,0
2,21,29.998208514800208,24.110380124588673,19.796157904179495,10.000000000000016,0
3,15,29.98637602328807,22.94140640163862,5.3656878675529835,1.9992864853463481,0
1,12,29.69615718747167,21.006865230184747,39.51423750728203,6.50586513922869,0
3,1,25.0,21.272435112110436,51.39653906149867,9.144599058676242,0
0,24,25.200700542120288,21.660895927300928,10.11120247502792,9.830707802263413,0
1,18,29.99984629273303,22.497581096627883,13.663467436203147,2.0000000000009184,0
2,28,29.957736179371864,23.344373424859,5.417011197010811,5.417011197010811,0
3,21,29.996428657107995,23.79505224969881,4.396424987628025,2.614140200370891,0
2,33,29.982017341220903,23.722547419558385,5.672836730586534,5.053021291710001,0
2,19,29.171165426724787,22.714707569011956,5.335129077088528,5.335129077088528,0
2,2,29.9975721417051,22.88059300667559,15.38658004721519,15.38658004721519,0
1,30,29.68345091009639,22.62302553235035,9.480260084416702,8.276458768549608,0
0,22,29.9699396530294,22.112116516360324,16.829199979473657,9.673737892460402,0
4,13,29.985432211944726,24.52521894985256,12.17442501414533,6.000000000000011,0
1,11,28.2696488000839,21.16611193788744,4.937953960452578,4.8117487900919365,0
3,5,29.986377829087978,22.889813556953126,11.904426871228239,6.000000020687185,0
3,8,29.892055474556688,22.13335141359578,23.293442693972207,13.004531366022034,0
0,45,27.491940873719926,21.900937008697646,4.052079290183581,4.032120307870363,0
3,29,29.985806287071846,23.843605209523187,8.653641936081588,6.000000068632742,0
3,3,29.994644409562408,22.48094402511324,16.765144837372745,6.419965079374736,0
0,35,29.144901704523416,21.669786105364377,6.20571982694143,4.818987117244804,0
2,5,29.92035168331781,22.89036076052882,10.449193991496822,9.999798755171607,0
4,2,29.99381049129869,23.067046293533217,27.052744456768323,1.9997682553948457,0
0,42,25.0,22.251676015266764,15.533117357937906,14.971154591503815,0
3,28,29.999389116064428,23.682542511851803,6.035038132947805,6.000000023904825,0
1,29,29.998782205332084,23.5124624787384,2.142532790353087,2.142532790353087,1
0,21,28.295036580746753,21.734788225152013,12.96796799523898,11.551192354199786,0
4,10,29.999999771976153,23.679100935104255,13.397165455254692,2.0,0
4,24,29.998782158005397,22.724621903055215,8.265423521753787,8.112103360802871,0
7,9,29.999265166810794,25.50095600715075,0.6767575777022792,0.6767575777022792,1
1,3,29.21020827301782,22.000911478197853,23.63229183562764,13.371122335276757,0
1,40,25.0,21.368168621400333,5.560105105155021,5.560105105155021,0
4,14,29.993486302028764,23.927806861777594,8.397444362345569,1.9994805076123678,0
2,42,29.985806287071846,24.318785481570075,6.152441592504435,5.956934254564555,0
5,1,29.960047462490476,23.531339617825996,33.655413084408224,2.0260868807614445,0
0,33,25.0,22.1523989463869,13.107564233813395,11.18673394187891,0
0,45,25.0,22.232659349254657,15.494586880557911,15.466926912687866,0
4,9,29.91705848703688,23.197923439232067,20.859548849107465,7.4835378588833805,0
0,13,25.201695233129747,20.64329603926118,4.66450548637232,4.66450548637232,0
1,26,29.887541388111092,21.700787335023023,13.458424867160169,5.942681002341986,0
1,13,29.440593194751326,21.504340288401984,3.3762022193083707,3.3762022193083707,0
2,5,29.68345091009639,22.16392280335021,6.579319641716489,6.579319641716489,0
3,14,29.973420556756373,23.95455069707856,14.44309254218234,1.9999775747930673,0
1,0,29.99481356163343,22.59682858777618,48.61633676912106,6.6802655910632245,0
1,16,25.665355697817102,22.19958651539879,13.375702417022284,13.289269653415424,0
0,18,26.43047592207194,21.933435103246307,7.127465098671337,7.127465098671337,0
2,23,29.99820857217333,24.01127158034222,17.633811710958916,6.0731652751793455,0
3,16,29.96344824772692,22.13156553194539,5.583423088594029,5.583423088594029,0
3,20,29.999959707702658,23.192964752285924,10.213331605861699,2.000001310083533,0
1,16,29.96165117098543,22.68257350999145,5.995362224912793,5.995362224912793,0
4,15,29.99999983850311,23.98112317372934,6.02511336620578,2.0,0
1,4,25.0,20.11349471475945,17.708674478152865,1.9999999999855258,0
10,10,29.999959127733536,27.405157969819665,11.463007978484823,1.999999941160639,0
2,4,29.999919674347154,22.33203776111706,15.479739462897745,2.0,0
0,5,25.0,21.4181531200375,20.64171229717311,8.415865838550447,0
1,7,27.33838037168631,21.366960762520815,9.192610287066326,4.76983267208299,0
0,30,29.709760244408567,23.08140016073097,6.429813418049959,3.105501066021688,0
1,52,29.59109631925888,22.06711670189158,11.644816790113474,7.616396177603375,0
2,16,29.84208306554494,22.53071301564801,9.02342173942776,8.96758988794248,0
3,13,29.577193147659386,23.319508029110825,3.562170668284784,3.562170668284784,0
0,2,25.405562724128902,21.155286590124618,10.73132343379068,0.11698087070851848,1
3,9,29.68345091009639,22.133362264427987,7.769543674266595,1.9990924077524816,0
1,20,29.80080360436636,22.56284059689927,12.771738707333192,5.999977446823025,0
0,10,25.0,20.123155456590318,15.661041726538839,14.88659051744682,0
0,17,25.0,20.643213662747588,28.884013566000117,14.75813305193584,0
2,15,29.94542699736669,22.536779024432786,14.737647247770001,2.0,0
3,44,29.98591829669335,22.00091193330249,13.539290059567954,13.008551799984685,0
1,36,25.0,21.71660524521524,9.467880863630675,2.0,0
3,3,29.91556609993865,22.89915382690185,6.180447792226793,2.068167314560612,0
5,8,29.99025591664484,23.82227147418754,5.710075146196771,2.0,0
1,28,29.98096020688108,22.820871985268198,8.69556376851037,8.63076250272946,0
4,10,29.993486302028764,23.6662018093517,7.326534860293536,2.0000000000000107,0
4,7,29.941153919945574,23.323546815097327,18.41806546528278,8.57947580494012,0
0,21,25.526913032980765,21.206377252785007,27.918905330903378,13.893547776792587,0
0,22,29.36893614949757,22.2326996878512,10.340653078542774,9.243833425302263,0
6,8,29.999999383921054,24.97763220620175,3.9319640148251582,1.9999999999301004,0
3,2,29.887541388111092,20.9901509462693,84.14335938957416,1.9739357595259848,0
3,3,29.99820857217333,23.793063459897283,9.842308469258338,1.9998470736991156,0
5,2,29.999971459851213,24.087004648073147,19.0516829470924,1.9999998333037565,0
2,8,29.99621787497192,22.689304481553826,14.73499246768218,2.0,0
6,9,29.99999491459754,26.13933802226469,19.061446559586667,1.9999951040241122,0
2,5,29.998151868798676,22.2320319370746,29.563339742943946,10.133757205370229,0
1,33,29.784861496683774,23.060503857378794,3.583733587836772,2.757781085272314,0
1,18,25.0,21.93213411713318,7.88338037376074,7.87560969872519,0
1,26,25.0,21.490066340589962,3.9384181412765287,3.641649495827742,0
3,24,29.999335032686194,22.530609029176393,4.06840001405275,1.0950659933324696,0
5,21,29.993166060690342,24.17693034965559,3.2835696339366636,2.011888564979963,0
0,10,28.682068435276186,20.742633787607126,20.685954348421536,9.723922522844342,0
0,24,28.793325474850594,21.07373444861825,14.434828498042009,8.477059003068598,0
1,47,29.39426704197165,22.346574432383505,6.324048140308202,6.324048140308202,0
1,47,29.99515988623886,22.596776386002453,2.333046776588676,2.333046776588676,0
2,3,29.943589430424648,22.736505191654327,11.768358701865235,2.002436917880087,0
4,0,29.943589430424648,21.404885443236264,38.06314840062208,8.567244023081603,0
5,7,29.997470612122406,23.295661201600158,5.1678789839459975,5.1678789839459975,0
2,17,29.7758055009339,22.68076088386651,2.605154240046645,2.605154240046645,0
3,13,25.0,22.019970440587215,12.038702260149575,12.038702260149575,0
3,0,29.678233007064293,21.816773107913974,21.335505735092454,6.090864930172305,0
3,15,29.923553743423177,22.54932383772032,3.4369105663572754,3.4369105663572754,0
2,24,28.875410255677913,22.515856986892725,9.309519102403373,5.999884595419776,0
5,41,29.99994310971007,24.16263903316551,6.194625054888198,6.194625054888198,0
1,10,25.0,21.23932252932898,7.428319416881796,7.428319416881796,0
3,19,29.985806287071846,22.987513503986992,4.068173632175566,3.087643145579448,0
2,30,29.945853749592004,22.684671838990518,10.932608586270248,2.7828117448929834,0
0,51,25.0,21.272435054208078,4.4142610922829135,4.4142610922829135,0
0,24,25.0,20.9933811183409,5.911596413073539,5.716728217606225,0
0,14,28.683204248143625,21.528594235982982,12.908796147761528,12.533288469488292,0
2,3,29.841215233230315,21.736011271050828,9.568988672031482,2.0072199947906473,0
2,30,29.94437337105732,22.904256767151765,3.425493703443333,3.425493703443333,0
6,2,29.7758055009339,24.4181057671971,9.32745233297393,1.9967684484779795,0
1,8,26.40489218599991,22.133159291118957,7.263666692527079,4.804144351284436,0
3,13,29.999971463157824,23.292302661759027,8.251843252195503,2.2761430337489768,0
1,16,29.88731528959707,22.410319829757537,11.90279152590651,6.391921179822829,0
2,17,29.99968075894931,24.218548099290558,13.206083510224746,6.084720133298214,0
5,6,29.999992819718916,25.516913815369655,11.435863154138726,2.0000000000002105,0
5,9,29.99984629275359,22.95996038930293,6.700734992557793,6.700734992557793,0
3,7,29.961652062792442,22.29892096067271,7.527940344093073,7.527940344093073,0
5,5,29.978800204223116,24.616805861591324,5.085449261011164,1.9999510972885735,0
5,21,29.99412451082222,24.096665390309134,5.178811993528018,2.0,0
2,25,29.99828048037525,22.702303884313984,2.6702988212183185,2.6702988212183185,0
0,45,28.740136456105283,21.628613693408237,8.177969304340547,8.177969304340547,0
4,2,29.99820857217333,23.31486251078402,5.468834324983586,2.0,0
3,26,29.867515037264823,22.23269811708689,1.9328736688521677,1.9328736688521677,0
3,15,29.999961325034704,24.33774830936326,8.240157761195533,1.9999956289799221,0
4,5,29.862021985910463,23.722517933588076,5.073705441643844,1.9999999999963722,0
8,3,29.99583021062004,25.584832011631264,13.602462219709961,1.9999903834074662,0
2,10,29.811377519211398,21.832539896995733,2.6560908626368214,2.6560908626368214,0
2,17,29.97170379123158,22.23203243663582,0.9927306644738354,0.9927306644738354,0
1,2,29.108975963372252,20.908196701514413,95.91546371219407,4.952683978591774,0
1,8,29.784804663654963,21.210823817655303,1.3861355596724323,1.3861355596724323,1
5,0,29.993166051741706,21.998462584558148,56.897595697027896,22.000000000000007,0
0,6,27.59261522327002,20.44462054257401,12.338475939989078,12.338475939989078,0
2,8,29.7758055009339,22.76133463345618,6.402622308291457,5.999741828410793,0
1,4,29.5709922982075,20.919892262206737,10.139214481039437,1.999999999999881,0
4,4,29.999567354204014,23.919417574141974,19.943860286766654,10.000000000000021,0
3,5,29.108975963372252,22.29173153873081,11.612341839565428,11.346187072354942,0
0,35,26.602708264918853,21.570443226190623,11.026622467947675,11.026622467947675,0
0,42,29.39458628092118,22.914168742227268,5.969532359385242,5.5297565747073385,0
3,58,29.91829435854089,22.13336226442646,9.214590434299554,4.083199786622722,0
0,37,29.394267040783983,21.712026500287358,8.564731741925304,6.933555018131062,0
0,39,27.59265460932419,22.251736535009556,7.880905663517657,7.880905663517657,0
3,10,29.99465154369881,23.197442303114887,8.700690901785393,2.0000000003376597,0
2,34,26.603423584808056,21.92064226961793,8.692473301978819,8.692473301978819,0
3,2,29.97170379123158,22.630051006144566,15.492271171403319,1.9999999999979825,0
3,11,29.86833832989056,24.153228452814684,6.76478004821958,1.999997957542094,0
1,25,28.411280118659736,22.473704875833334,11.684721025306157,5.999999931538988,0
1,4,25.526276602967258,21.471110339406167,8.741351445674502,5.999999999993037,0
3,8,29.99968075894931,22.72938875406116,5.1579268966462015,5.1579268966462015,0
0,34,26.4996761103959,21.92690624279276,11.282008469107874,10.376769100794325,0
2,5,29.943587988460926,21.868460633164265,36.87242201340236,13.465204688958348,0
3,22,29.943589430424648,24.041542384569002,6.917511911514914,5.885954513459259,0
0,40,25.0,21.60228112737313,11.751179759259127,6.234867682807758,0
5,20,29.925280788779798,23.68694116419763,28.469434457240368,5.984023925312932,0
2,34,29.99288026575095,24.48387282056617,6.191497359454134,6.191497359454134,0
4,6,29.52601259701123,23.490974464490684,9.105707389916407,3.724475142182469,0
5,28,29.960047462490476,23.78913916256394,3.636819676142486,3.636819676142486,0
1,1,25.322380399967983,22.024419213052592,16.817303973956164,16.817303973956164,0
9,10,29.9999999999987,27.65914492204681,19.07639022882228,1.999999999999997,0
7,9,29.999943166302252,26.16612622373258,12.326998363766847,1.9999989188412841,0
2,28,29.99363911159765,23.13215490950359,4.823793502906727,4.823793502906727,0
0,42,25.0,21.849748844745175,10.061250266429317,10.061250266429317,0
7,5,29.999886585030364,24.30330459480712,6.069229603879913,5.992161658959809,0
4,16,29.943589430424648,22.265755343958165,5.96560046868261,5.96560046868261,0
2,16,29.999700021678546,24.21818650568085,3.750877408155178,3.750877408155178,0
5,12,29.943759201286326,23.66310369156171,2.6300007103815752,2.0193498682772546,0
0,0,25.0,21.007534449858777,29.337089747252207,7.305377480490489,0
0,20,27.32917693386089,21.039703699058347,8.745425773979187,7.015540396503732,0
3,26,29.980525356229474,24.086762288129314,14.680588719317335,13.241738501692177,0
2,20,29.92035168331781,22.758630860597833,15.191865573873983,7.299631859441106,0
0,1,25.0,21.3055476744855,21.281873996461467,11.637536498817543,0
2,2,29.887541388111092,22.92806425117147,7.383426226780599,2.0,0
2,3,29.887541388111092,22.199587414818616,8.148111457034645,1.9999999999992313,0
2,4,29.996428657107995,24.10402659988966,3.019153513752731,3.019153513752731,1
6,4,29.999997449101986,24.248963963835177,9.474313230120174,5.99824379983842,0
3,17,29.999959707702658,23.549718749128203,4.0278281462685355,4.0278281462685355,0
1,23,28.295616120928788,22.19958112170012,4.587586986208524,4.587586986208524,0
0,38,25.651364522583922,21.920610866294705,11.368633729940749,10.86659559597293,0
3,17,29.988289587229698,22.928064251065557,6.996510675830646,1.904085120409024,0
2,3,29.97170379123158,21.47111060879918,19.70104720494913,10.42694018488755,0
3,19,29.999945396917518,23.40603321990115,8.90087577709425,1.9997642301311704,0
0,11,27.491940873719926,21.908806035583744,15.953798627995099,9.99999856058412,0
4,1,29.998682817339112,22.961117888895533,41.023151304685825,5.3358291229663015,0
1,10,28.125057746242376,22.368402347541632,5.406966602482204,2.567658005498566,1
1,29,29.184820492354973,22.464484457510043,0.9132932990640993,0.9132932990640993,0
4,11,29.985808059454037,24.470198634603765,7.217488141038388,1.999772072250706,0
4,15,29.918280067527313,23.697163921640232,4.26518216919615,4.1975778747073,0
4,11,29.883471325943386,24.40398198875155,4.862469737235686,4.862469737235686,0
3,18,29.14476920726268,21.537185201627018,5.85623548768609,5.85623548768609,0
3,11,29.994863330349762,23.126739012003718,5.255516248224564,2.000000052369959,0
1,21,29.84761012324354,22.16647479918406,5.116339741130395,5.116339741130395,0
8,9,29.999999989775663,25.509885904663694,6.415935734863504,6.0,0
0,6,26.458772016460905,20.87508411873295,12.410570782688401,8.042564005606195,0
3,17,29.961651156549443,22.955755425513924,10.830969613450229,2.3097137014670888,0
1,5,28.67041442877959,22.517055947363417,6.084449503405269,6.084449503405269,0
3,3,29.99968075894931,23.419291561519838,5.64825451441825,2.0,0
1,18,29.94585439258514,22.456130498846534,10.882725408874197,5.2253307532657125,0
0,8,25.0,21.20620739271836,9.539614183581737,9.238119794679546,0
5,8,29.981623953151395,23.622740853103487,4.006338499172857,2.0,0
2,6,29.681673707038964,21.50298558140107,17.77666406130343,13.569504037251075,0
2,15,29.978726845120132,23.25894778448649,3.2878047135604413,1.9996471457480416,0
4,38,29.993166051758955,24.077442388991194,6.24731260293639,5.992739342752337,0
7,4,29.998731229129938,23.524090741246997,21.21252617455772,5.999999999991495,0
1,9,29.36893614949757,22.24648970731816,7.611879655026664,7.611879655026664,0
0,25,25.0,21.73593505863871,15.26299354830106,13.882369287928249,0
2,5,25.0,20.90819670151441,22.23015541524987,3.5824808941798154,0
0,14,25.0,21.800956005357744,9.790076209313384,9.790076209313384,0
3,25,29.97995933473624,23.521846633968217,3.6883107518196807,3.6883107518196807,0
3,13,29.98594679990049,22.03263618510936,3.859576653093323,3.859576653093323,0
1,17,29.683290793614894,21.48100081099575,4.26217116157494,4.26217116157494,0
3,40,29.99902499915305,23.471565690333666,11.739658163910878,9.723557189519934,0
2,1,29.92035168331781,22.609915057226242,21.654757900243244,6.352708886933804,0
4,8,29.961651156549273,22.582781436540653,6.400674742299112,5.841801818079503,0
7,6,29.99981327893702,24.683029899097928,7.762251275127937,2.7323757635171395,0
3,30,29.915743970735605,23.047096980336338,7.569243350543428,1.9999999431612037,0
2,6,29.986386160548854,22.27137701895062,7.400693232297925,0.4379211924661659,1
3,15,29.99743035014069,23.287469828082624,4.018709344442435,4.018709344442435,0
3,10,29.999363569528036,22.937584199042906,4.174380212282424,4.174380212282424,0
3,0,29.999693853655607,23.939989882484284,31.574359466024305,2.0,0
1,22,29.335981830245327,23.45531542895184,8.05573743345571,8.05573743345571,0
0,20,25.0,21.126914953338144,19.227014990378866,7.726256232758907,0
2,2,29.911505006966248,22.060131023222503,11.827313369603,2.008241682160386,0
5,2,29.999999959365056,25.019884461784653,15.461402107750727,2.0000536148506374,0
3,26,29.915545028947808,23.41082419182199,1.6854997116026234,1.6854997116026234,0
6,20,29.985806287071846,24.0171770589378,3.914141989776577,2.0000000000000133,0
4,12,29.999137790415503,23.556504762320557,19.620902601243472,3.1675318472362175,1
0,49,25.0,21.801914484399997,11.591356655984443,11.591356655984443,0
4,15,29.99675546884509,23.883445276080995,10.35044130513473,1.9818523751825947,0
1,6,25.0,21.50411734139228,13.350987302444764,2.4144972241731475,0
1,4,27.337528549805963,21.209926980526316,23.48199836264193,7.919141670379475,0
1,18,29.696157194476047,21.173095946744912,5.551897817329677,5.551897817329677,0
1,6,26.326223348374725,20.871404283507978,9.97034117948077,8.830341183664244,0
1,36,27.311011794282628,22.02939043469156,8.622376312219744,2.475137941759495,0
3,10,29.832523230559538,22.630049755273735,8.848623962505902,8.661359911972037,0
2,4,26.458772016460905,21.934686767739574,6.858098364993522,1.9999997466705621,0
0,11,25.0,21.290203580016335,10.399182972758569,9.690158695259953,0
1,10,29.88751888005734,21.6043143138278,6.687816275394249,4.221520926244889,0
1,17,28.135452278240663,21.47088755687326,6.4957981702724155,3.2183824091793922,0
3,0,29.92126297246926,22.663163588931617,38.27143350593303,2.0,0
2,12,29.7848449559523,21.82816234823463,33.377268437722556,5.884704811189947,0
3,12,29.941373637931463,23.32530450583112,5.678304185663217,1.9988410322924917,0
3,23,29.999979695546344,24.38470864400685,7.676101932247047,5.999228154639343,0
1,32,29.993168737037408,23.410599661383706,4.907559813152833,4.885711517133672,0
4,7,29.92378202291932,24.22214853928388,7.443681239143586,2.000000000000007,0
4,21,29.999693573473646,24.35128310218408,2.6541901721505807,2.000000086054145,0
0,48,25.0,21.523821087406787,11.063225625043328,11.040645645608825,0
0,19,28.29506000886832,21.640863754719078,13.451982950128961,13.451982950128961,0
3,13,29.696157212991725,22.69144288419779,3.0271288862349506,2.9862058821632917,0
3,5,29.97170379123158,25.177149746057147,0.7890580848213516,0.7890580848213516,1
3,2,29.892055486622336,22.2988997595786,35.79596375066911,8.351954046443675,0
0,4,25.0,20.212832463103823,21.26361411390074,17.210057745794934,0
3,8,29.83618928019733,20.941309284295873,1.4936736538372566,1.4936736538372566,0
3,8,29.99757304794453,23.28704395864002,11.194379580213145,1.9998769020571472,0
2,1,26.601142938160624,20.3783953770111,50.03186997636241,18.000015906249544,0
3,7,29.92354877591922,22.365150343394088,5.522387480927122,1.99626870074608,0
2,3,29.95647611959853,21.4094899109753,4.123456448685428,4.123456448685428,0
2,4,29.92360842344217,21.835349019395185,16.0135699960193,1.999999999252486,0
2,10,29.966876801756644,23.486532309595066,9.458711917515686,5.999999999994578,0
1,31,29.907139229674417,22.166472280117905,10.021398841479957,6.123936957403533,0
3,6,29.532929236154665,22.86096099034901,6.998665830359012,1.9968016029647355,0
2,35,29.940204034141285,22.429166368400256,20.097944431848934,18.87630766220542,0
1,29,25.0,21.12582910591898,18.10695700763011,13.661996165961426,0
1,43,27.75998187667273,21.702898688232693,5.985039980655392,5.985039980655392,0
2,5,29.86867630042456,22.133362146094647,8.951734585934332,4.130419471089361,0
0,42,29.98637602243087,21.822472513270828,7.340139118189435,7.286612993525484,0
2,20,29.943588151322494,24.13913336709866,3.4256675136635617,1.9999998502988907,0
0,19,25.0,21.68198708030979,14.965581254508379,14.67499616728079,0
1,1,28.167267597953924,21.20756534416145,32.68334342319321,5.9999999999999964,0
2,9,29.999922899531214,23.44274121146475,16.680640040661437,7.616328715226624,0
0,18,25.0,21.627605479129407,8.482464369945475,8.190452639156087,0
3,13,29.957672250150384,22.96117621358926,3.538779630491609,2.0483190646471847,0
1,38,28.15081657082374,22.460020609554892,6.6237036393310555,6.6237036393310555,0
3,3,29.94180388840435,23.22422586564046,12.495338113172664,1.9999999999999978,0
0,39,25.0,21.503430125177154,14.221286733143044,14.221286733143044,0
0,22,25.0,22.247190847513508,7.068948507025723,7.068948507025723,0
5,3,29.999996176782727,23.060514582309104,32.59564003324446,5.999999999908368,0
4,10,29.999996398286097,23.788950628503166,8.308944361878117,1.9999977597633647,0
3,41,29.985806287071846,23.522286433260803,7.77309515101691,6.376286058916025,0
0,28,25.0,21.314717128979495,15.346048680314912,13.20150377739443,0
5,12,29.527547153834224,24.529862228051307,3.2621248707562924,3.2621248707562924,0
2,8,29.91692581481415,22.801721430012197,2.4961409694835153,2.4961409694835153,1
6,4,29.99538806034394,24.385017858607714,24.69419915711001,5.999998398416798,0
2,29,29.9809605125036,23.424110699572054,7.860239301248607,4.024117359689662,0
2,7,28.741927883816647,21.272435112110436,8.135537262099872,5.966123156197952,0
2,4,29.92118046628917,21.139984780984605,36.925508527791926,3.577065169519435,0
0,2,25.0,20.775746370388582,14.568750434089836,10.2444108729288,0
2,30,29.996573290301058,22.49754346675145,4.599601232539167,4.570229523115295,0
7,8,29.99999983850311,25.974401465930036,6.352047498053375,1.9999999999999973,0
2,22,29.998731229129938,22.38771012155455,6.242317675426638,6.018518230167529,0
5,21,29.99999613377627,24.725803287276726,10.385498488167938,2.000000019132684,0
2,10,29.96997130415478,22.894951668401823,15.296111388630028,2.1332714669631514,0
0,0,25.0,20.345282794229647,48.15885002196342,9.333960901034654,0
2,2,29.841215233230315,22.77458909552687,7.339131219081921,2.0,0
4,18,29.99865309261321,24.31398432003552,3.397697516995771,1.9176898367161308,0
1,14,25.0,21.5704470659087,4.916135925768533,4.7011450575198825,0
3,20,29.97651678486223,24.185992779595246,13.861824163807704,5.999991089936686,0
2,14,29.881297747190235,21.769123510495106,2.1423467846850976,2.1423467846850976,0
2,12,29.97170379123158,22.596931028877993,7.844673998665752,2.0846459266234665,0
0,45,28.79242761837779,21.861305031307925,7.59633440110585,7.59633440110585,0
3,0,29.999971463157824,25.11099818619856,58.10845875213579,2.0002452604465146,0
3,0,29.997470612122406,21.669786105487923,5.073771986767952,4.144341761810016,0
1,27,29.526417637406933,21.83534854019482,3.797268400180144,2.157694234311855,0
3,22,25.20196867114761,22.14939464805375,0.5183868243979886,0.5183868243979886,1
2,13,29.995160528080664,22.530243331509006,8.386346326666056,5.222599769997228,0
1,2,29.9899473653177,21.751568907088153,28.61203245548349,8.69353271823953,0
4,6,29.997572783544094,22.16647484720977,3.475760021742363,3.475760021742363,0
5,0,29.99954925092062,22.00091193330249,35.888995410433665,6.0,0
2,25,29.7758055009339,23.02001174225967,7.377315991905385,7.377315991905385,0
6,9,29.98697023320064,24.159345690103116,0.7794544016628326,0.7794544016628326,0
4,13,29.999959707702658,22.86728552625439,66.51316773862598,8.669906375094646,0
2,28,29.95782367923026,23.08578158724112,5.231370370564037,5.231370370564037,0
1,10,29.3942670494928,22.06016360113705,8.539355297546042,8.539355297546042,0
3,27,29.997470612122406,23.03706252155238,14.360250059391655,1.999999534735978,0
2,8,29.95878286021686,22.397410592056577,3.197126347632093,3.197126347632093,0
3,10,29.021957505266055,22.308276801334042,6.0447664808043235,1.9999618215506922,0
3,4,29.999101398618045,24.0942535251106,9.10535326359569,2.231905178347671,0
1,2,29.957518074612885,22.298924208417965,17.94601658481642,5.793498079492127,0
1,36,27.926265469726353,22.15103338413777,8.080351456002496,8.080351456002496,0
1,3,29.388490609233056,21.689771757168035,12.482588289515796,8.356846290637934,0
2,35,28.79245539587466,22.41788845476904,11.807701383578902,11.807701383578902,0
1,43,26.600917065116032,22.20416350195723,9.92918717032072,8.60882343823314,0
0,38,26.290279327111925,21.636840924498333,8.739627248770761,8.53830492022584,0
7,9,29.999880612442656,26.101987522114147,5.655406249898573,2.0,0
1,5,26.2690820744352,21.518052688489433,19.58262841890027,8.019856782818156,0
2,17,29.962673842429748,22.530613227316213,2.7576025061787726,2.0000000000001865,0
2,4,29.974112382400634,22.06713708871682,26.468044961428845,10.33583771991608,0
5,2,29.999998720439393,25.203664284582338,nan,6.0000004938254445,0
1,40,29.92357730200306,22.649913387482297,4.244604563690376,4.244604563690376,0
3,23,29.99913747028032,23.30388518811957,4.402245881311561,4.402245881311561,0
0,25,29.571049188497415,23.375838762200384,18.487463047041427,9.999949276077873,0
2,21,29.997046317118237,22.97785472932506,0.975570562426924,0.975570562426924,1
0,44,28.295616040082447,22.41744671650791,12.827760194137158,10.249024836538972,0
3,0,29.981405049902797,22.536829133816735,12.601792411751717,2.0,0
0,33,25.0,21.537221429911728,19.463497592305696,18.53033702618597,0
4,13,29.60018813533462,21.726525318247653,0.7433390635109614,0.7433390635109614,0
4,18,29.979459524095546,22.76250133719694,0.5845183604691799,0.5845183604691799,0
4,12,29.986376250449545,23.655293750654835,1.3945593986691507,1.3945593986691507,1
0,14,25.0,21.798985433684006,3.677659346681399,3.677659346681399,0
2,8,29.97995933473624,22.808504824348756,8.375049373562932,2.0,0
3,6,29.762078783142826,22.79561392005614,3.873756355816723,3.873756355816723,0
0,54,25.0,21.990357922132507,16.41714212012848,3.5047667183381748,0
1,8,25.0,20.78248300548511,9.751682866175877,9.318183762879801,0
0,19,29.84758885061188,21.459333040708483,15.479513444089335,15.479513444089335,0
2,2,29.997470612122406,22.36515034389851,13.15887102578555,2.008983070173315,0
7,8,29.999999781129024,23.927725116517976,1.9534567791113484,1.9534567791113484,0
1,37,29.126106970994627,21.471278124725544,8.45010498748748,4.203799419812094,0
3,37,29.999839864913863,23.345277741180478,9.693534682469434,9.693534682469434,0
3,12,29.999879427312724,23.511520336281254,15.269096746282745,1.9999690540630506,0
2,31,29.992799940745407,22.516613705821786,16.18740757573515,2.4563002848122033,0
2,7,28.787193270941888,22.107240800530825,4.898778244111851,1.9997778995774702,0
0,21,28.294984547619027,21.106861539806207,8.974983687000401,8.974983687000401,0
3,5,29.998657592243433,22.79561392005745,10.187036771661631,4.780855178179471,0
5,12,29.9931802463943,25.07445210777948,4.6953757059801635,2.0,0
3,33,29.83903267389072,22.348838525120968,13.375218087672332,4.532866221440515,0
1,54,26.600926975215337,21.09303741406659,4.16634761740505,4.16634761740505,0
2,13,29.69672162473222,21.570448357143533,11.176641113408055,5.999999586666179,0
1,36,29.538904727712477,22.82866998865961,1.9031888613450847,1.9031888613450847,0
1,9,26.600916840724523,20.875084118731742,7.241309214835956,7.241309214835956,0
3,19,29.93798446441446,23.655622622228027,12.334303022892042,2.0000001070433635,0
1,1,29.985806287071846,21.983489515470907,16.488698236662014,6.0,0
0,2,25.0,20.345282794229647,11.727094728023502,11.727094728023502,0
4,7,29.99035194430215,22.9611463615764,4.797486690044774,4.797486690044774,0
2,6,29.978732308392743,22.034024516083935,7.780469354508585,5.999674401533515,0
2,2,29.943589430424648,22.365150248265657,18.782058775432507,1.999994231506255,0
2,5,29.97871328893854,22.497600552704018,12.58229567579545,1.9999999999999982,0
4,13,29.99968075894931,23.45691035148038,12.202424496747424,1.9966788352076739,0
1,23,29.88166791667835,23.083487044883622,4.870358317154817,4.870358317154817,0
5,16,29.99999995689052,25.377459696884035,3.8775871578047933,2.0000007481595077,0
2,26,29.98076376846225,22.6194979535769,4.752038695431996,4.6738708414922785,0
1,17,28.295173600561263,21.570448305817735,9.435283836974762,2.636149335825702,0
1,32,25.0,21.84952985937051,14.44874915363552,6.6832963946632375,0
6,5,29.999101159435824,25.853214456601467,3.754479957292807,1.9993247069949271,0
5,4,29.943589430424648,24.96062999020681,5.246671126346164,1.999520662365358,0
1,2,29.943589430424648,21.47111060879918,10.713955682079177,5.958833157393869,0
1,16,28.66228137379674,21.636673522474847,3.7123558388132656,3.7123558388132656,0
0,6,25.0,21.471089043159495,5.125954734407048,2.0001876973616888,0
3,9,29.990350877873357,21.56355493539502,5.5889681125912185,5.5889681125912185,0
2,36,29.887541388111092,22.74857255374238,4.728790379654935,2.162284891506796,0
0,29,25.0,21.073759615421366,12.441721967596537,11.728453297810912,0
1,48,29.892055476371247,22.00744594544273,7.745527656919666,7.745527656919666,0
3,1,28.720598764441785,21.934680277857634,17.931207727923926,1.999998398417608,0
2,20,29.9863622530707,24.2495133164453,8.927233505884084,8.798749063323449,0
0,8,27.592614320659195,21.106872198177847,18.31327077351221,7.235702440356509,0
2,18,29.9899473653177,22.10024878162345,12.518353693631802,2.0293921724877038,0
1,10,29.97170379123158,21.802232655811746,11.86194702900564,10.946598783559903,0
1,13,26.600921894886255,21.934676545984402,7.822836778196202,1.9999999259846244,0
2,14,29.99516169290022,23.837628603752467,0.6299709630838226,0.6299709630838226,1
2,34,29.999101398618045,23.391635438298263,11.619961141143675,6.020225166151745,0
1,14,28.792426873607088,21.359422178917697,3.11886597929719,3.11886597929719,0
3,2,29.841215233230315,22.26581259555414,16.50537975863074,2.4912498462705184,0
